{"created_at":"2018-05-11T04:35:56.423Z","updated_at":"2018-05-11T04:35:56.459Z","title":"News","uid":"news","_version":1,"inbuilt_class":false,"schema":[{"display_name":"Title","uid":"title","data_type":"text","field_metadata":{"_default":true},"unique":true,"mandatory":true,"multiple":false,"non_localizable":false},{"display_name":"Body","uid":"body","data_type":"text","field_metadata":{"allow_rich_text":true,"ref_multiple":false,"rich_text_type":"standard","description":""},"unique":false,"mandatory":false,"multiple":false,"non_localizable":false},{"display_name":"Featured Image","uid":"featured_image","data_type":"file","field_metadata":{"image":true,"ref_multiple":false,"rich_text_type":"standard","description":""},"mandatory":false,"multiple":false,"unique":false,"non_localizable":false},{"display_name":"Thumbnail","uid":"thumbnail","data_type":"file","field_metadata":{"image":true,"ref_multiple":false,"rich_text_type":"standard","description":""},"mandatory":false,"multiple":false,"unique":false,"non_localizable":false},{"display_name":"Category","uid":"category","data_type":"reference","field_metadata":{"ref_multiple":false,"rich_text_type":"standard","description":""},"reference_to":"category","mandatory":true,"unique":false,"multiple":false,"non_localizable":false},{"display_name":"Top News?","uid":"top_news","data_type":"boolean","field_metadata":{"ref_multiple":false,"rich_text_type":"standard","description":""},"unique":false,"multiple":false,"mandatory":false,"non_localizable":false},{"data_type":"text","display_name":"Single line textbox","uid":"single_line","field_metadata":{"description":"","default_value":""},"format":"","multiple":false,"mandatory":false,"unique":false,"non_localizable":false}],"last_activity":{"environments":[{"uid":"bltb71db93d6d9c8f29","details":[{"locale":"en-us","time":"2020-02-12T10:58:44.941Z"},{"locale":"hi-in","time":"2018-05-11T05:46:37.605Z"}]},{"details":[{"locale":"en-us","time":"2017-09-27T07:44:28.761Z"},{"locale":"hi-in","time":"2017-07-03T10:34:12.252Z"}],"uid":"blt62f8fb46466344f8","name":"production"},{"details":[{"locale":"en-us","time":"2017-07-03T09:18:18.962Z"}],"uid":"bltd3dcccbf6cc616c4","name":"test"}]},"maintain_revisions":true,"description":"","DEFAULT_ACL":[{"k":"others","v":{"read":false,"create":false}},{"k":"users.blt9ee8f1f4fd0fc3d1","v":{"read":true,"sub_acl":{"read":true}}}],"options":{"_version":2,"is_page":false,"sub_title":[],"title":"title","description":"","singleton":false},"abilities":{"delete_all_objects":true,"delete_object":true,"update_object":true,"create_object":true,"get_all_objects":true,"get_one_object":true}}